{"cameraMode":{"drawMode":0,"name":"Shaded","section":"Shading Mode"},"sceneLighting":true,"audioPlay":false,"sceneViewState":{"showFog":true,"showMaterialUpdate":false,"showSkybox":true,"showFlares":true,"showImageEffects":true,"showParticleSystems":true,"showVisualEffectGraphs":true,"m_FxEnabled":true},"in2DMode":false,"pivot":{"x":0.09252357482910156,"y":0.7386893033981323,"z":0.22504520416259767},"rotation":{"x":-0.019390057772397996,"y":0.7626358270645142,"z":0.022885551676154138,"w":0.6461479663848877},"size":4.500582695007324,"orthographic":false}